Gender,Age,Where_Infected,Year,Course_at_admission_(day),Fever,Body_Temparature,Fever_Duration,Rash,Course_when_get_Rash,Muscle_Pain,Bleeding,WBC,N,HB,PLT,ALT,AST,BUN,Cr,CK,CK-MB,K+,Na+,C1,CD_4+,CD_8+,CRP,PCT,Hospitalization
Male,30,Dongguan,2010,6,1,38,6,No,No,No,0,8.55,0.53,152,50,0,0,7.57,195.5,88,13,3.98,141.8,107.5,0,0,40.3,0,9
Male,30,"Malaysia,Indonesia",2010,4,1,39.4,4,No,No,Yes,0,2.48,0.37,143,187,128,178,2.23,86.8,151,11,4.28,139.16,104.8,0,0,5.9,0,5
Male,29,Shenzhen,2010,7,1,39.3,7,No,No,Yes,0,3.39,0.35,156,39,39,94,6.02,94,317,13,4.38,140.17,101.1,32.8,22.7,6,0,3
Female,43,Shenzhen,2010,7,1,39.4,2,No,No,Yes,0,2.59,0.51,109,50,43.1,76.7,0,0,0,0,3.49,141,106,0,0,4.4,0,2
Male,27,Shenzhen,2010,15,1,38.9,15,Yes,1,No,0,5.6,0.42,155,270,323,191,3.88,82.9,73,6,3.73,145.86,106.4,0,0,2.9,0,8
Male,29,Philippines,2011,10,1,39,2,Yes,2,Yes,1,2.1,1.13,153,42,55,154,2.3,84,1197,36,0,0,0,0,0,1,0,10
Male,43,Indonesia,2011,7,1,39.9,4,No,No,Yes,1,1.75,0.95,135,69,28,38,3.22,96,155,15,3.96,137.3,106.3,124,109,1.7,0.089,7
Female,30,India,2011,5,1,38,10,Yes,4,Yes,0,3.43,0.87,122,158,123,135,4.56,55,42,12,3.59,143.8,109.4,603,938,3.5,0.088,5
Female,28,Thailand,2012,9,1,39.2,5,Yes,1,Yes,1,1.81,0.87,127,129,16,39,2.5,61,168,18,0,0,0,0,0,0,0.095,9
Male,30,India,2012,5,1,39,5,Yes,1,Yes,1,1.44,0.84,146,74,55.9,96.7,3.41,68.8,380.9,7.2,2.8,134,98.9,221,115,3.93,0.24,5
Male,31,Bengal,2012,7,1,39.8,1,Yes,0.5,Yes,0,3.91,3.02,135,67,32.7,41,4.65,79.9,70,13.2,3.08,137.8,101.1,126,104,7.5,0.108,7
Male,30,Indonesia,2012,6,1,40,2,Yes,0.5,Yes,1,5.11,3.21,152,160,46.4,34.3,4.05,84,241.6,10.8,3.55,137.4,103.9,528,274,2.8,0.079,6
Male,10,Thailand,2013,7,1,39.5,4,No,No,Yes,1,1.78,0.9,126,108,63.7,97.9,3.1,51,462.8,23.3,3.64,131.4,100.4,236,171,5,0.23,7
Male,37,Indonesia,2013,4,1,39,5,Yes,2,Yes,1,2.33,1.67,152,115,49,36,3.5,75,681,19,3.87,135.8,102.1,171,157,2.73,0,4
Female,39,Malaysia,2013,6,1,39,3,No,No,Yes,1,1,0.52,123,68,21,51,3.4,76,461,0.49,3.67,139,105.1,170,212,2.49,0.083,6
Female,26,Thailand,2013,4,1,38,4,No,No,Yes,1,2.7,2.24,121,97,20,73,1.2,37,71,6,3.19,134.2,102.3,0,0,2.84,0.129,4
Female,18,Indonesia,2013,5,1,40,6,Yes,1,Yes,1,1.16,0.37,152,52,55,136,2.2,55,1373,34,3.66,135.2,105,0,0,1.46,0.209,5
Female,43,Indonesia,2013,4,1,39,7,Yes,2,Yes,1,8.92,7.13,145,93,30,38,2,63,180,19,3.47,140.9,106.9,393,381,4.54,0.051,4
Male,17,Thailand,2013,4,1,39,5,Yes,0.5,Yes,1,1.87,1.19,159,114,36,37,3.6,105,0,0.52,3.78,136.3,103.6,0,0,1.28,0,4
Male,26,India,2013,4,1,39,4,Yes,3,Yes,1,1.78,1.08,150,133,53.2,63.3,3.4,56.6,0,0,3.39,138.6,103,0,0,0,0.045,4
Female,30,Malaysia,2013,5,1,38.5,4,Yes,1,Yes,1,1.61,0.71,120,75,23,58,1.3,47,70,7,3.42,139,103.7,0,0,3.92,0.16,5
Female,26,Thailand,2013,5,1,38.3,7,Yes,3,Yes,1,3.31,1.11,142,54,240.7,282.1,2.4,58.8,45.3,18.2,4.38,137.6,105.5,0,0,3.72,0.02,5
Male,38,Maldives,2013,9,1,39.8,6,No,No,Yes,1,3.3,0.93,169,6,147.8,223.9,3.2,57.7,129.3,21.7,3.58,134,107,0,0,5,0,9
Male,33,Thailand,2013,5,1,38.5,4,Yes,1,Yes,1,2.29,0.76,128,157,22,26,4.4,89,171,0.88,4.19,142,106.5,537,405,5.59,0.1,5
Male,33,Bengal,2013,5,1,39,3,No,No,Yes,0,1.2,0.67,140,15,54.1,119.2,3.06,65.2,170.4,13.5,3.96,126,97.2,448,194,29.9,0.402,5
Male,40,Thailand,2014,4,1,41,4,No,No,Yes,1,3.09,1.73,160,38,66.1,96,4.34,90.2,216.1,0.31,3.15,134.9,98.9,259,338,16.9,0.201,4
Female,57,Shenzhen,2014,11,1,39,8,No,No,Yes,1,9.82,5.4,149,60,129,129,3.4,47,298,6.03,3.71,136.1,109.4,0,0,4.95,0.296,11
Male,34,Shenzhen,2014,9,1,39.3,3,No,No,Yes,1,2.49,1.79,140,81,24.7,84.9,2.22,97.9,553.4,1.47,3.33,133.6,102.8,0,0,11.9,0.127,9
Male,36,Guangdong,2014,4,1,39.6,6,Yes,1,Yes,1,4.83,1.3,167,49,28,60,3.5,77,0,0,3.69,134.6,103.9,429,812,4,0.282,4
Male,38,"India,Bengal",2014,9,1,39.2,4,Yes,1,Yes,1,1.41,0.65,172,71,60,84,0,0,89,0.2,3.27,134.2,97.6,120,170,0,0.492,9
Male,27,Guangzhou,2014,4,1,38,4,Yes,2,Yes,1,3.86,1.83,167,136,62,39,4,89,121,<0.18,3.89,139.3,104.3,0,0,4.85,0.113,4
Male,39,Guangzhou,2014,4,1,38.5,5,Yes,1,Yes,1,2.58,1.59,143,111,74.6,79.1,2.24,76.3,357,14,3.5,133.2,99.6,0,0,9.6,0.2,4
Male,50,Guangzhou,2014,4,1,39.5,8,Yes,3,Yes,1,4.75,2.3,140,94,83.2,91.2,3.07,75.8,98,14,3.08,135.5,103,0,0,7.5,0.094,4
Female,22,Guangzhou,2014,4,1,39,7,Yes,1,Yes,1,2.05,0.39,136,36,22.3,42,2.35,51.8,48.1,0.22,3.16,135.9,102,0,0,10.9,0,4
Female,28,Guangzhou,2014,4,1,39,4,Yes,2,Yes,1,1.89,0.88,135,105,32.2,62.2,2.98,56.8,71.4,0.22,3.56,135.9,106,0,0,9.9,0.137,5
Male,22,Guangzhou,2014,6,1,39,6,No,No,Yes,0,4.24,1.92,151,45,50,112,4.9,63,612,15,3.6,129.3,93.1,0,0,5.88,0.72,2
Male,41,Guangzhou,2014,5,1,37.6,5,Yes,3,No,0,2.7,0.63,169,84,41,58,3.1,75,227,0.74,3.66,137,101.5,0,0,6.43,0.186,3
Male,50,Guangzhou,2014,3,1,38,3,No,No,Yes,0,2.39,1.64,141,108,0,0,0,0,0,0,0,0,0,0,0,0,0.049,3
Male,28,Guangzhou,2014,5,1,39.4,5,Yes,2,Yes,0,8.23,7.11,147,122,0,0,0,0,0,0.38,3.19,136.6,97.4,0,0,0,0,3
Male,33,Henan,2014,4,1,39,4,No,No,Yes,0,2.74,1.71,155,138,20,44,5,80,297,15,0,0,0,0,0,0,0,3
Male,45,Guangzhou,2014,3,1,38,3,No,No,Yes,0,3.22,1.97,144,155,15,30,4.8,83,148,14,3.52,138.5,101.7,0,0,5.27,0,4
Male,30,Shenzhen,2014,4,1,38.4,4,No,No,No,0,2.44,1.43,159,94,42,57,4,74,733,16,3.12,137.4,101.9,0,0,9.24,0,3
Male,21,Guangzhou,2014,4,1,38.9,4,No,No,Yes,0,1.9,1.2,149,104,20,48,2.9,67,480,13,3.71,137.5,103.1,0,0,2.62,0.244,2
Male,29,Shenzhen,2014,4,1,38.6,4,Yes,2,Yes,0,0.93,0.57,146,59,0,0,0,0,174.6,0,3.58,130.7,95,0,0,5,0,4
Female,35,Guangzhou,2014,3,1,39.8,3,No,No,No,0,1.67,1.23,133,55,85.6,122.4,2.01,67.4,162.2,0.38,3.13,134,99.6,26.5,31.2,7.5,0,11
Female,45,Guangzhou,2014,9,1,39,9,Yes,6,Yes,0,2.43,1.24,137,67,29,44,4.3,41,57,20,3.09,142.8,108.2,0,0,10.32,0,3
Male,22,Guangdong,2014,6,1,39.2,6,No,No,Yes,0,3.98,2.28,157,63,121,103,4.3,61,55,18,3.96,140,104.4,0,0,2.08,0.099,4
Female,31,Guangzhou,2014,4,1,41,3,No,No,Yes,0,1.39,0.5,142,93,26.3,27.1,2.13,55.5,0,0.32,2.96,134.2,96.7,0,0,5.1,0,4
Male,19,Guangzhou,2014,4,1,38.9,5,Yes,4,Yes,0,2.4,1.34,161,88,22,41,0,0,0,0,0,0,0,0,0,3.4,0.388,4
Male,61,Shenzhen,2014,5,1,38.8,4,Yes,1,Yes,0,2.57,1.34,141,124,0,0,0,0,0,0,2.77,134,92.8,0,0,11.7,0.177,5
Female,51,Shenzhen,2014,3,1,37.5,5,No,No,Yes,0,4.04,1.81,135,75,113,132,0,0,71,0.51,3.66,137.1,105.7,0,0,0,0,3
Male,30,Shenzhen,2014,9,1,39,3,No,No,Yes,0,2.05,1.07,158,86,50,102,3.9,104,1027,28,0,0,0,0,0,0,0,9
Male,21,Guangzhou,2014,6,1,40,7,Yes,1,Yes,1,11.26,8.43,153,67,49,63,2.1,61,48,18,3.53,140.2,104.9,0,0,0,0,6
Male,59,Shenzhen,2014,11,1,38.5,1,Yes,0.5,Yes,1,2.91,2.04,158,36,0,0,3.8,89,249,18,0,0,0,0,0,0,0.264,11
Female,47,Shenzhen,2014,3,1,38.5,5,No,No,Yes,0,1.91,0.41,126,89,97,183,0,0,0,0,3.97,140.2,101.8,0,0,6.64,0,3
Female,34,Guangzhou,2014,6,1,38.8,5,Yes,0,Yes,0,1.31,0.57,134,93,41,70,1.4,47,60,9,3.42,138.1,104.3,0,0,0,0,6
Female,34,Huizhou,2014,2,1,39.5,6,Yes,3,Yes,1,1.74,0.81,121,74,63,63,3.5,46,161,0.9,3.22,139.9,103.1,0,0,1.38,0,2
Male,56,Shenzhen,2014,4,1,39.5,7,Yes,1,Yes,0,4.01,1.7,133,45,25,62,5.4,83,240,1.09,4.22,135.6,102.9,0,0,4.88,0.12,4
Female,21,Guangzhou,2014,3,1,39.8,5,Yes,1,Yes,1,1.58,0.38,135,39,19,36,2.1,58,56,0.39,3.12,139.2,105.2,0,0,3.81,0.21,3
Male,27,Guangzhou,2014,6,1,38.7,2,Yes,1,Yes,1,2.29,1.31,148,106,0,0,0,0,0,0,3.75,136.6,100.5,0,0,9.5,0,6
Female,63,Guangzhou,2014,4,1,38.8,2,No,No,Yes,1,2.66,1.44,134,138,0,0,0,0,0,0,3.19,138.3,101.4,0,0,0,0.084,4
Male,28,Shenzhen,2014,5,1,39.6,6,Yes,1,Yes,1,3.06,1.78,153,94,45.6,54.4,3.59,83.7,430.7,0.83,3.93,129.7,97.7,0,0,12.9,0,5
Male,2,Guangzhou,2014,2,1,38.9,6,No,No,Yes,1,8.14,4.51,125,198,22.2,45.7,4.06,35.3,63.6,0.8,4.01,138.7,101.4,0,0,10.5,0,2
Female,46,Guangzhou,2014,3,1,38.6,8,Yes,1,Yes,1,5.03,1.76,118,116,31,36,2.7,51,107,15,3.17,139.5,102.9,0,0,5.43,0,3
Male,25,Guangzhou,2014,4,1,38.6,6,Yes,1,Yes,1,7.71,5.99,148,89,21,45,2.9,87,175,14,3.4,135.7,99.6,0,0,8.49,0.339,4
Female,29,Shenzhen,2014,6,1,39,5,No,No,Yes,1,2.21,0.61,152,23,220,296,0,0,316,0.79,3.58,134.6,94.7,0,0,0,0,6
Female,23,Guangdong,2014,6,1,39,4,No,No,Yes,1,1.96,0.86,124,62,0,0,0,0,0,0,3.25,134.3,97.9,0,0,0,0,6
Female,22,Guangzhou,2014,4,1,39,6,Yes,2,Yes,1,4.44,1.13,131,45,37,56,4,45,168,17,3.53,141.3,107.2,0,0,3.89,0,4
Male,51,Shenzhen,2014,4,1,38.5,1,No,No,Yes,1,3.48,2.57,124,173,46,58,0,0,0,0,3.51,135.4,100.8,0,0,23.37,0,4
Female,48,Shenzhen,2014,6,1,38.9,3,No,No,Yes,1,2.2,1.77,117,99,26,45.6,2.25,58.5,97,0,3.17,132.9,98.1,0,0,5.9,0,6
Male,33,Shenzhen,2014,9,1,39.4,3,Yes,0,Yes,1,1.8,1.06,143,70,32.4,57.3,4.2,106.4,246.6,0.29,3.47,138.9,100.6,0,0,12.3,0,9
Male,37,Shenzhen,2014,7,1,38,1,No,No,Yes,1,2.18,1.54,145,95,36,48,4.6,90,81,<0.18,3.96,135,100,0,0,20.93,0,7
Female,38,Shenzhen,2014,6,1,39.5,4,No,No,Yes,1,2.63,2.1,104,45,66,63,2.7,61,193,8,3.68,141,104.6,0,0,3.77,0,6
Female,38,"Malaysia,Thailand",2014,7,1,38.4,3,No,No,Yes,1,1.53,0.82,103,149,15,36,2.9,59,0,0,3.52,138,103.5,0,0,5.04,0.128,7
Female,9,Shenzhen,2014,3,1,39.6,7,Yes,2,Yes,1,1.94,0.86,134,99,23,31,3.1,50,133,19,3.8,140.3,105.8,0,0,0,0,3
Male,35,Guangzhou,2014,8,1,39.6,3,No,No,Yes,1,6.28,5.71,134,86,0,0,0,0,0,0,3.5,136.7,99.8,0,0,78.6,0.358,8
Male,20,Shenzhen,2014,8,1,38.5,8,No,No,Yes,1,2.54,1.57,138,26,29,115,3.5,73,0,0,3.64,132.1,99.6,0,0,0,1.28,8
Female,20,Guangzhou,2014,6,1,38.7,4,No,No,Yes,1,1.52,0.9,133,83,3.21,139.4,103.2,0,0,0.86,0,0,0,0,0,0,0,6
Female,40,Shenzhen,2014,4,1,38.5,4,Yes,2,Yes,0,2.64,1.65,129,214,0,0,3.3,43,39,12,4.05,138.8,99.3,0,0,0,0,3
Male,17,Shenzhen,2014,2,1,38.2,2,No,No,No,0,2.5,1.45,165,145,24,29,4.2,91,101,13,4.2,135.9,100.9,0,0,6.22,0,7
Male,26,Shenzhen,2014,3,1,39.5,3,No,No,No,0,2.17,152,152,79,18,39,3.2,72,465,13,3.52,138.7,104.4,0,0,0,0,3
Male,34,Zhongshan,2014,7,1,39,7,Yes,6,No,0,2.85,1.35,140,119,23,20,3,83,76,12,4.09,138.1,102,0,0,4.26,0,5
Female,33,Shenzhen,2014,4,1,38.3,4,Yes,3,Yes,1,2.42,1.19,138,118,20,32,1.8,67,556,20,3.31,137.2,103.6,0,0,4.86,0,5
Male,27,Shenzhen,2014,4,1,38,4,No,No,No,0,1.44,0.91,150,76,16,28,2.9,77,105,?0.18,3.68,138.3,103.5,0,0,2.83,0,4
Female,27,Guangzhou,2014,6,1,39,6,No,No,Yes,1,2.1,1.37,124,57,24,70,2.9,51,209,0.18,3.16,136,98,0,0,0,0,6
Female,29,Guangzhou,2014,6,1,38.5,6,Yes,4,Yes,0,3.4,0.95,127,90,16,35,0,0,39,?0.18,3.33,139.9,103.2,0,0,0,0,3
Male,42,Philippines,2014,5,1,38,5,Yes,4,Yes,0,2.09,1.35,154,154,27,22,2.8,68,81,?0.18,3.46,141.2,100.3,0,0,8.82,0.312,4
Female,23,Guangzhou,2014,6,1,37.9,6,Yes,4,Yes,1,2.7,1.19,137,73,127,207,1.4,50,0,0,0,0,0,0,0,0,0.237,5
Female,25,Shenzhen,2014,7,1,38.4,6,Yes,6,Yes,1,2.11,0.93,146,32,0,0,0,0,95,0.59,0,0,0,0,0,5.46,0.139,5
Male,37,Guangdong,2014,8,1,39.2,8,Yes,2,Yes,0,6.2,1.57,153,134,384,322,3,90,31,?0.18,4.16,141.4,103.2,0,0,5.79,0,7
Male,59,Shenzhen,2014,6,1,38,6,Yes,3,Yes,0,2.48,1.22,160,106,0,0,0,0,137,0.32,0,0,0,0,0,0,0,4
Male,46,Guangzhou,2014,6,1,38.1,6,Yes,5,No,0,2.7,0.56,152,73,46,39,4.1,96,125,0.45,3.83,141.8,102.8,0,0,0,0,4
Male,22,Guangzhou,2014,6,1,39.5,6,No,No,No,0,2.7,0.6,120,56,49,97,4.4,79,922,21,3.39,136,101.7,0,0,0,0,4
Male,31,Thailand,2014,4,1,39,4,Yes,2,Yes,0,1.82,1.05,156,132,20.5,28.4,0,0,32.8,0.26,3.98,139,98.9,0,0,10.58,0,4
Male,40,Shenzhen,2014,20,1,38.1,20,Yes,18,Yes,0,2.88,2.07,129,143,66,68,2.9,67,59,?0.18,4.42,136.9,100.8,0,0,6.55,0.068,10
Male,28,Shenzhen,2014,4,1,38,4,No,No,No,0,2.09,1.78,156,81,17,28,5.2,73,119,?0.18,3.74,136.7,103.8,0,0,5.6,0.426,4
Female,36,Enping,2014,6,1,39.1,6,Yes,3,Yes,1,3.99,1.56,119,189,0,0,2.51,65.5,0,0,3.72,142.4,103.2,0,0,9.1,0,4
Female,64,"Guangzhou,Shenzhen",2014,2,1,40,2,No,No,No,0,2.77,2.19,92,28,10,36,3.5,43,374,0.51,3.36,136.6,106.2,0,0,20.87,0.813,2
Female,59,Shenzhen,2014,8,1,39,8,No,No,Yes,1,3.09,0.92,133,91,85,147,0,0,0,1.22,3.73,144.2,101.9,0,0,0,0,4
Female,15,Shenzhen,2014,6,1,40,6,Yes,5,Yes,0,4.36,2.16,124,68,67,113,2.5,39,72,18,3.95,143.3,105.2,0,0,0.84,0,4
Female,48,Shenzhen,2014,6,1,38.2,6,No,No,Yes,0,2.27,1.71,130,138,3.4,134.7,97.4,0,0,0.22,0,0,0,0,0,0,0,4
Male,21,Zhuhai,2014,5,1,39,5,No,No,Yes,0,3.39,2.51,155,130,3.62,136.3,100.4,0,0,0.22,0,0,0,0,0,0,0,2
Female,39,Shenzhen,2014,5,1,39.4,5,No,No,No,0,2.81,1.69,162,64,68,80,3.9,75,0,1.95,3.41,137,102.5,0,0,5.23,0,9
Male,51,Shenzhen,2014,5,1,39.6,5,No,No,Yes,0,10.31,7.4,153,36,30,23,4.9,72,0,0,0,0,0,0,0,10.46,0.258,13
Male,38,Shenzhen,2014,4,1,37.7,4,Yes,3,Yes,0,3.18,1.93,170,134,0,0,7.9,104.5,0,0.29,3.25,137.3,100,0,0,0,0,6
Female,29,Shenzhen,2014,3,1,41,3,No,No,Yes,0,1.45,0.73,138,152,108,109,0,0,91,0.73,3.34,141.3,103.8,0,0,0,0.091,5
Male,37,Shenzhen,2014,7,1,39,7,Yes,5,Yes,0,3.33,1.15,148,58,0,0,0,0,388.8,4.74,3.03,142.6,102.4,0,0,0,0.109,10
Male,34,Shenzhen,2014,6,1,39,6,Yes,4,Yes,0,4.62,1.37,145,48,67.5,94.8,0,0,0,0.91,0,0,0,0,0,0,0.156,5
Female,28,Shenzhen,2014,3,1,39.3,3,No,No,Yes,1,1.82,1.25,128,91,16,31,0,0,304,1.04,0,0,0,0,0,0,0.142,5
Male,25,Shenzhen,2014,5,1,38.5,5,No,No,No,0,2.71,0.66,150,91,0,0,0,0,67,16,3.34,136.6,98.4,0,0,5.11,0.213,4
Male,34,Guangzhou,2014,5,1,39,5,Yes,2,No,0,2.4,1.24,145,152,14,22,3.4,95,230,3,3.83,140.8,106.3,0,0,0,0,2
Female,32,Shenzhen,2014,6,1,38.9,6,Yes,6,No,0,2.61,0.71,122,79,14,25,1.5,45,44,?0.18,3.32,138.9,105,0,0,4.48,0,3
Female,69,Shenzhen,2014,6,1,37.4,6,Yes,3,Yes,0,2.66,134,134,87,39.4,61.7,1.94,56,67.1,0.39,3.3,138.2,102.9,0,0,10.3,0.156,4
Female,32,Shenzhen,2014,6,1,39,6,Yes,5,No,0,2.94,1.04,125,75,22,34,1.7,52,66,11,2.97,141.1,104.7,0,0,3.39,0,4
Male,49,Shenzhen,2014,2,1,40.3,2,Yes,2,Yes,0,4.9,3.55,136,204,49,43,3.7,118,681,0.98,3.36,138.7,101.6,0,0,26.47,0.268,6
Male,29,Shenzhen,2014,5,1,39,5,Yes,4,No,0,3.2,1.35,155,49,59,68,0,0,448,19,0,0,0,0,0,0,0,3
Male,24,"Shenzhen,Guangzhou",2014,3,1,39,3,No,No,No,0,2.28,1.36,134,109,29,24,4.7,89,175,17,3.3,140.3,105.3,0,0,7.74,0,3
Male,9,Shenzhen,2014,2,1,39.5,2,Yes,1,No,0,1.89,0.9,118,172,19.8,32.6,3.65,57.7,81,0.22,2.92,140,102.3,0,0,11.6,0,7
Female,40,Shenzhen,2014,4,1,39.5,4,Yes,2,Yes,0,6.17,3.44,121,59,172,190,4.1,74,0,?0.18,3.57,128.5,94.9,0,0,0,0.607,9
Female,62,Shenzhen,2014,10,1,39.3,10,No,No,Yes,0,4.44,2.22,137,169,41,68,2.1,65,0,0,3.87,140.7,102.2,0,0,4.35,0.323,5
Male,30,Shenzhen,2014,2,1,38.5,2,Yes,1,Yes,0,3.62,2.53,159,145,23,36,0,0,0,0,3.39,136.7,98.7,0,0,8.63,0,5
Female,30,Shenzhen,2014,3,1,38,3,No,No,No,0,2.39,1.63,134,63,20.6,24.6,2.26,76.8,58.4,0.22,3.08,137.1,102,0,0,8.5,0.06,2
Female,52,Shenzhen,2014,6,1,38.5,6,No,No,Yes,0,1.5,1.01,123,82,38.3,84.3,2.21,46.3,0,0,3.16,137.3,101,0,0,5.3,0.198,5
Male,25,Philippines,2014,5,1,37.7,5,No,No,No,0,4.88,2.08,153,63,56,72,3.6,86,258,0.63,3.35,131,93.7,0,0,8.45,0.33,3
Male,30,HongKong,2014,7,1,39.1,7,No,No,Yes,0,3.75,1.33,152,103,95,75,5.3,89,0,0,4.02,140.4,101.3,0,0,6.92,0.136,4
Male,38,Shenzhen,2014,7,1,39.2,7,No,No,No,0,20.6,19.27,115,67,34.6,50.6,3.87,65.4,20,0.22,3.76,133,101.4,0,0,?90.0,19.74,26
Male,24,Shenzhen,2014,7,1,38,7,No,No,No,0,5.67,2.67,137,240,12,15,3,63,62,15,4.12,140,102.4,0,0,0,0.098,3
Male,33,Shenzhen,2014,8,1,38,8,No,No,Yes,0,9.93,8.16,136,226,7,14,2.4,70,0,0,4.06,129.9,94.6,0,0,32.27,0.045,6
Male,45,Shenzhen,2014,10,1,37.9,10,No,No,??,0,2.16,0.99,169,94,24,35,2.4,53,119,0.32,3.7,136.1,104.1,0,0,4.03,0.041,3
Female,44,Shenzhen,2014,6,1,39.1,6,Yes,2,Yes,0,1.16,0.42,138,48,0,0,0,0,0,0,0,0,0,0,0,0,0,3
Female,30,Shenzhen,2014,6,1,38,6,Yes,4,No,0,3.22,1.75,133,74,0,0,0,0,51,0.44,3.61,141.18,106.7,32.5,29.8,0,0.106,3
Male,24,Shenzhen,2014,2,1,39,2,Yes,1,No,0,5.56,3.73,157,110,39,32,4.5,124,161,18,3.43,139.8,101.2,0,0,6.24,0,5
Male,37,Thailand,2014,2,0,No,?,No,No,Yes,0,6.19,3.98,142,260,0,0,3.4,66,93,?0.18,3.79,140.1,105.3,0,0,50.02,0,3
Male,21,Shenzhen,2014,1,1,40,5,No,No,Yes,0,7.27,5.04,142,135,40.5,44.4,2.87,72.6,408.6,1.13,3.45,142.5,101,0,0,90,1.13,5
Female,32,Singapore,2014,5,1,39,5,No,No,Yes,0,2.76,1.3,130,170,0,0,0,0,99,8,3.65,142.7,105.8,0,0,4.65,0,3
Male,32,Indonesia,2015,5,1,38,5,Yes,2,Yes,0,5.26,2.32,162,99,224,461,2.4,81,158,14,4.2,138.6,101.8,0,0,7.34,0.257,3
Female,33,Thailand,2015,3,1,39,3,Yes,1,Yes,1,1.27,0.57,128,86,140,193,0,0,70,15,3.22,140,105,0,0,2.98,0,7
Male,56,Indonesia,2015,7,1,39,7,No,No,Yes,0,3.94,0.49,150,87,57,64,3.5,77,103,17,3.66,138.1,105.4,0,0,3.5,0.221,2
Female,35,Shenzhen,2015,4,1,39.5,4,No,No,Yes,0,5.94,3.85,143,136,81,39,3,61,71,21,0,0,0,0,0,0,0.311,8
Female,42,Cameroon,2015,2,1,39.8,2,No,No,Yes,0,6.42,5.46,119,61,12,23.4,6.64,65.4,0,0.22,3.62,142.1,102.7,0,0,90,0,9
Male,33,Sri Lanka,2015,4,1,40,4,No,No,Yes,0,2.03,1.5,153,77,67.9,96.7,3.38,78,259.6,0.22,4,134.1,97.7,0,0,10.9,0,9
Female,47,Indonesia,2015,5,1,38.6,5,Yes,2,No,0,2.78,1.04,122,35,412.2,624.6,3.06,58.7,278.6,1.98,2.94,121.3,86.8,0,0,9.8,0,7
Female,39,Shenzhen,2015,6,1,39.4,6,No,No,Yes,0,4.89,4.22,122,93,160,100,4.7,60,33,?0.18,3.02,136.2,101.5,0,0,44.02,0.434,7
Male,52,Myanmar,2015,5,1,37.8,5,Yes,2,No,0,2.04,0.67,140,40,45,70,5.6,58,678,20,3.45,135.8,103.2,0,0,6.09,0.273,4
Male,26,India,2015,8,1,39.2,8,Yes,3,Yes,1,5.15,1.64,161,120,48,44,3.1,67,0,0,3.98,142.2,103.9,0,0,6.19,0,9
Female,37,Thailand,2015,7,1,39.5,7,No,No,Yes,0,1.29,0.79,110,39,262,314,0,0,0,0,3.45,131.3,100.6,0,0,9.83,0.154,8
Male,47,Myanmar,2015,11,1,39,11,Yes,5,Yes,0,3.84,1.2,140,179,150,151,3.4,80,0,2.03,3.61,140.5,104.2,33,44.9,5.63,0.084,6
Male,28,Shenzhen,2015,3,1,38.6,2,Yes,1,Yes,0,16.43,15.05,131,153,22.4,27.8,4.35,72.4,355,1.51,3.65,131,98.4,0,0,90,1.51,5
Female,24,Malaysia,2015,3,1,39,3,No,No,Yes,0,1.74,0.59,127,63,63,124,2.1,74,0,0,3.1,140.2,104.9,34,28.3,7.86,0,7
Male,34,Bengal,2015,7,1,38,7,Yes,1,No,0,5.82,1.73,146,102,252,91,0,0,0,0,3.79,141.5,106.3,18.5,61.3,1.87,0,5
Male,24,Dongguan,2015,8,1,38,8,Yes,2,No,0,6.6,2.52,154,304,206,122,0,0,68,15,3.85,141.1,106.2,0,0,0,0,5
Male,26,India,2015,3,1,40.8,3,No,No,Yes,0,4.14,1.56,155,135,0,0,5.17,89.4,385.4,1.84,3.19,143.1,102.7,0,0,18.3,0,1
Male,43,Guangzhou,2015,8,1,39.5,8,Yes,2,No,0,4.81,2.17,155,289,61,51,3.8,69,47,17,3.91,139.4,101.5,0,0,4.07,0,2
Female,24,Thailand,2015,4,1,39.1,4,Yes,1,No,0,1.41,0.76,131,119,14,28,1.8,59,99,15,3.29,139.6,100.1,0,0,1.67,0.092,3
Male,33,Tebet,2015,5,1,40,5,No,No,No,0,4.49,3.96,156,90,69,80,5.6,85,0,0,0,0,0,34.9,37.9,0,0,7
Female,37,Malaysia,2015,6,1,37.6,6,Yes,1,Yes,0,4.49,0,144,153,109,97,0,0,29,14,3.95,142.3,104.5,0,0,0,0,4
Female,49,Malaysia,2015,10,1,39,10,No,No,Yes,0,3.59,1.27,110,289,86.9,85.6,5.48,72.6,43,0.22,3.88,138.5,104.6,0,0,7.7,0,5
Female,23,Thailand,2015,5,1,40,5,Yes,4,No,0,1.64,0.85,142,69,54.6,111.5,1.85,69,0,0,4.05,131,96,0,0,15.4,0,9
Male,35,Shenzhen,2015,6,1,38.4,6,No,No,No,0,12.76,9.28,139,100,0,0,0,0,0,0,3.85,133.3,102,13.8,59,53.72,0.932,8
Female,29,Sri Lanka,2016,7,1,39,7,No,No,Yes,0,2.48,0.77,119,60,67.5,179.1,3.62,44,192,1.54,3.78,129.9,98.9,0,0,8.6,1.54,4
Male,27,Indonesia,2016,4,1,39,4,No,No,Yes,0,3.89,2.34,137,201,77,44,4.6,74,82,0.39,4.05,136.3,101.1,0,0,10.12,0.081,7
Male,25,Indonesia,2016,7,1,39.5,7,No,No,Yes,0,3.91,1.8,136,55,112.2,195.3,2.5,64,1439.5,0.48,3.64,132.3,104.9,0,0,121.1,0,6
Male,39,Indonesia,2016,3,1,39,3,Yes,2,Yes,0,2.67,0.42,147,87,36,26.5,4.32,71.9,48,0.22,3.71,136.7,106.1,0,0,9.4,0,3
Female,27,Indonesia,2016,3,1,41,3,No,No,No,0,0.93,0.52,130,65,6,72.3,2.42,48.5,131.7,0.22,4.98,133.8,102.1,32.9,23,6.2,0.117,7
Male,27,Indonesia,2016,3,1,39.5,3,No,No,No,0,4.46,2.48,154,225,105.1,95.1,4.85,104.8,242.5,0.35,2.78,136.3,90.2,21.1,35.7,21.3,0.058,2
Male,29,Indonesia,2016,5,1,39,5,No,No,No,0,2.36,1.34,167,32,171.3,275.6,3.3,95.6,1252,0.22,3.58,129.5,95.8,0,0,26.8,0.61,5
Female,38,"Maldives,India,Sri Lanka",2016,4,1,38.5,4,No,No,Yes,1,1.53,0.74,122,80,31.7,47.8,2,45.5,131,0.22,3.68,136.1,100.6,0,0,5,0.058,6
Female,19,Shenzhen,2016,9,1,40.2,9,No,No,Yes,0,5.18,3.13,91,98,643,2435,1.8,55,88,?0.18,3.41,133.1,97,0,0,11.78,2.04,8
Male,31,Philippines,2016,2,1,41,2,No,No,Yes,0,2.73,1.73,140,129,28,40,3.3,92,123,0.23,3.75,136,100.8,0,0,9.02,0.071,4
Male,35,Sudan,2016,5,1,38.4,5,No,No,No,0,6.73,3.45,128,100,31,36.2,9.29,73,71.5,0.48,3.6,137.7,96.6,0,0,272.1,0.48,4
Male,37,India,2016,5,1,39,5,Yes,2,Yes,0,1.37,0.4,142,119,0,0,0,0,0,0,0,0,0,0,0,0,0.188,5
Male,33,India,2016,4,1,38.3,4,Yes,2,Yes,0,2.68,1.62,138,157,31,39,0,0,261,0.51,3.08,135.8,98.5,0,0,13.09,0.087,6
Male,25,Shenzhen,2016,4,1,40,4,Yes,2,Yes,0,2.9,2.24,146,59,32,64,3.1,78,1378,36,3.63,136.7,104.1,0,0,0,0,4
Female,25,Nigeria,2016,5,1,39.8,5,No,No,No,0,3.95,2.39,88,56,121,101,2.8,60,13,11,3.72,135.9,104.7,0,0,141.93,1.41,13
Male,31,India,2016,5,1,39.3,5,No,No,No,0,1.43,0.73,145,77,36,54.4,2.89,84.6,170.9,0.22,3.4,129.7,95,23.8,48.8,16.9,0.628,6
Male,28,Thailand,2016,2,1,41,1,Yes,1,No,0,4.86,3.52,139,132,51.5,41.5,6.09,106.4,272.3,0.23,3.61,138.9,98.2,0,0,54.1,0,7
Male,24,Vietnam,2017,6,1,38.5,6,Yes,5,Yes,0,2.57,1.34,142,140,25,28,3,76,183,?0.18,0,0,0,0,0,13.29,0.197,6
Female,59,Russia,2017,14,1,43,14,No,No,Yes,0,1.31,0.52,89,112,83.3,111.7,3.27,65,0,0,3.47,136,96.4,0,0,6.2,0.13,5
Female,27,Thailand,2017,7,1,39.9,7,Yes,3,Yes,0,3.94,0.82,148,88,293,86,0,0,18,?0.18,0,0,0,0,0,0.17,0,8
Female,36,Shenzhen,2017,12,1,37.8,12,No,No,No,0,11.8,8.1,119,336,45,21,3.5,34,33,?0.18,3.81,136.4,99.5,27.4,44.8,50.18,0.041,12
Male,38,India,2017,4,1,38,4,No,No,Yes,0,2.57,1.34,142,140,31.2,56,5.85,87,890.2,1.78,3.23,137.2,97,0,0,15.2,0.062,5
Male,35,Vietnam,2017,4,1,39.6,4,Yes,2,Yes,0,2.13,1.54,158,174,37.1,46.3,5.25,86.7,135.3,?0.22,3.59,138,97.8,0,0,15.7,0.149,3
Female,51,India,2017,4,1,37.5,4,Yes,2,Yes,0,3.59,2.95,111,169,19.5,34.1,2.04,43.6,51.6,?0.22,3.67,132.9,94.4,0,0,16.9,0,3
Male,1,India,2017,3,1,38.5,3,Yes,1,No,0,6.04,0.94,135,247,53,75.2,3.73,29.6,121.2,1.8,3.87,135.3,99.6,0,0,6.2,0,3
Male,48,Thailand00India,2017,4,1,39.4,4,Yes,UK,Yes,1,7.35,1.46,154,40,149,206,2.7,77,2491,2.92,3.09,133.7,98.6,0,0,4.36,0.232,8
Male,54,Shunde,2017,7,1,39.5,5,Yes,1,Yes,0,2.62,1.5,134,145,71.4,73.9,3.19,84.9,0,0.44,3.62,137.5,101.5,0,0,?5.0,0,3
Female,25,India,2017,5,1,38.5,5,Yes,4,Yes,0,2.12,0,123,135,17,28,3.3,61,0,0,0,0,0,0,0,2.63,0.07,2
Male,44,Vietnam,2017,5,1,40.5,5,Yes,4,Yes,0,2.83,1.74,159,169,25,25,2.1,73,0,0,3.9,139.7,99.9,0,0,6.28,0.068,3
Male,34,Cambodia,2017,5,1,39.4,5,No,No,No,0,2.67,1.91,154,31,93,163,5.5,79,303,13,3.23,138,98.1,0,0,4.03,0.438,4
Male,29,Myanmar,2017,3,1,38.9,3,No,No,Yes,0,2.11,1.21,160,67,14.4,79.9,3.48,92.1,603.8,1.25,4.72,132,97,0,0,21.8,1.25,9
Male,17,Dongguan,2017,5,1,39.3,5,No,No,Yes,0,2.32,1.49,151,146,84,218,0,0,5263,31.25,3.21,134.8,101.2,0,0,1.67,0.076,3
Male,54,India,2017,7,1,39.3,7,Yes,5,Yes,1,4.13,1.98,166,26,105.9,184.1,4.28,84.1,379.7,1.09,3.52,139.4,96.5,0,0,23.5,0,4
Female,36,Guangzhou00Shenzhen,2017,5,1,38,5,Yes,2,No,0,1.35,0.62,132,94,39.9,45.6,1.21,60,78,0.23,3.3,132.4,102.4,0,0,0,0.07,4
Male,44,"Vietnam,Cambodia",2017,5,1,39,5,Yes,4,No,0,1.77,1.01,146,101,78.6,71.5,3.61,103.8,285.4,0.76,3.61,133.3,99.4,0,0,17.6,0,4
Male,43,Indonesia,2017,6,1,39,1,Yes,1,No,0,2.81,1.93,119,155,37.7,61.3,5.33,133,0,0.25,3.93,129.4,100.1,0,0,33.8,0,3
Female,50,Shenzhen,2017,6,1,39,6,Yes,3,Yes,0,2.04,1.28,136,108,80,110,2.94,58.6,0,0.38,2.98,137.5,92.4,0,0,11.6,0,6
Female,41,Myanmar,2017,3,1,39,3,Yes,2,Yes,0,1.92,1.34,117,107,84.7,72.7,1.9,50.2,126.5,?0.22,3.39,131.5,91.9,0,0,26.4,0,9
Male,26,India,2017,6,1,39.1,6,Yes,2,No,0,1.81,0.81,164,117,33.6,23.9,4.84,102.2,122.1,0.33,3.99,137.4,98.6,0,0,9.3,0.33,4
Female,23,Shenzhen,2017,6,1,40.3,6,No,No,No,0,2.06,0.64,142,63,54,84,2.5,62,67,13,3.21,141.6,103.9,0,0,4.65,0.265,5
Male,42,Myanmar,2017,5,1,40.5,5,No,No,Yes,1,1.92,1.26,141,24,63,125,3.3,91,235,?0.18,3.73,135.8,101.5,0,0,7.23,0.193,5
Male,24,India,2017,5,1,38.5,5,Yes,4,No,0,3.73,2.11,150,129,16,30,5.6,73,285,10,3.36,138.7,103.6,0,0,10.05,0.281,3
Male,22,Malaysia,2017,5,1,40,5,No,No,Yes,0,2.86,1.56,144,98,38,51,3.5,86,207,12,3.81,132.1,96.6,0,0,0,0.237,3
Female,65,Thailand,2018,1,1,39.4,1,No,No,Yes,0,5.33,4.12,136,208,59.9,38.9,0,0,122.4,0.23,0,0,0,0,0,0,0.056,8
Female,40,Thailand,2018,1,1,39,1,No,No,Yes,0,3.66,2.37,116,170,21,21,5.4,71,69,?0.18,3.84,135,103.5,0,0,2.35,0.048,7
Male,54,Malaysia,2018,8,1,38.8,8,No,No,Yes,0,2.07,0.81,143,42,122.6,143,3.19,77.1,0,0,3.61,139.7,101.7,0,0,11.2,0,4
Male,47,Malaysia,2018,7,1,37.6,7,No,No,Yes,0,4.32,2.26,157,152,49.9,53.8,4.84,91.4,0,0,0,0,0,0,0,17.1,0,5
Male,38,Sri Lanka,2018,2,1,39.2,2,Yes,UK,Yes,0,5.33,4.27,144,140,109.6,151,8.47,110.4,2002,0.99,3.32,135.3,101.5,0,0,53.39,1.69,6
Male,17,Cambodia,2018,3,1,38.1,3,No,No,Yes,0,4.85,3.49,125,182,32,51,4.8,79,0,0,3.37,137.6,103.8,0,0,0,0.248,5
Male,38,Maldives,2018,7,1,39.8,7,Yes,6,Yes,0,3.44,1.09,155,43,135,124,4,69,104,0.31,3.09,140.5,104,0,0,4.91,0.266,4
Male,38,Philippines,2018,2,1,39.4,2,Yes,UK,Yes,0,4.63,2.44,118,120,23.7,17.1,4.63,85,0,0,3.08,135.9,97.1,0,0,22.1,0,8
Female,61,Malaysia,2018,9,1,38.7,9,Yes,7,No,0,3.69,2.09,140,65,41,66,1.6,51,85,1.19,3.52,137.4,103.1,0,0,2.13,0.028,2
Male,29,Malaysia,2018,7,1,38.7,7,Yes,UK,No,1,4.71,1.16,138,94,158,242,3.5,81,125,0.29,4.13,140.6,103.3,0,0,1.36,0.311,7
Male,46,Cambodia,2018,5,1,39.3,5,Yes,2,Yes,0,1.51,0.92,153,74,22,37,4.4,69,105,0.35,4.15,137.2,103.1,0,0,5.53,0.1,3
Male,30,Bengal,2018,4,1,41.2,4,Yes,2,Yes,0,6.59,0,153,190,30,41,2.4,95,141,0.67,4.15,140.8,105.8,0,0,18,0,3
Male,32,Cambodia,2018,6,1,39.5,6,No,No,Yes,0,4.92,2.99,185,101,63.5,58,5.3,110,174,0.53,3.19,136.1,99.4,0,0,8.72,0.365,4
Female,46,Cambodia,2018,5,1,39.5,5,Yes,4,Yes,0,2.48,0.88,123,74,41,58,2.4,49,186,0.3,3.28,137.8,102.3,0,0,1.07,0.25,6
Male,19,Cambodia,2018,2,1,38.6,2,No,No,Yes,0,5.48,5.06,125,155,14.3,31.7,0,0,0,0,3.64,137.5,100.3,0,0,0,0,7
Female,36,Cambodia,2018,8,1,39.2,8,Yes,6,Yes,0,4.47,1.54,139,138,96.5,111.1,1.97,47.8,1219,1.61,4.04,143.7,105.4,0,0,3.53,0.042,6
Male,20,Cambodia,2018,4,1,39.1,4,Yes,4,No,0,2.61,1.69,156,172,27,35,3.2,94,122,?0.18,3.8,139.7,98.7,0,0,6.28,0.258,3
Male,31,Cambodia,2018,3,1,37.6,3,No,No,No,0,11.82,9.53,128,268,35.9,24.9,4.9,66.3,?20.0,?0.22,3.67,139.5,102.9,0,0,?5.0,0,3
Female,12,Thailand,2018,6,1,39.5,6,Yes,5,No,0,2.9,0.82,129,89,82,103,2.7,53,50,0.53,3.77,143.4,106.7,0,0,0,0.111,4
Male,37,Ivory Coast,2018,7,1,40,7,No,No,No,0,4.8,2,100,93,50.7,40.7,4.05,75.6,40.3,0.22,4.11,140.4,103.9,0,0,65.2,0,6
Female,36,Shenzhen,2018,4,1,39,4,No,No,Yes,0,0.95,0.44,128,79,24.3,44.3,2.53,51.5,0,0,3.33,138.2,101,0,0,9.6,0,3
Male,3,Shenzhen,2018,1,1,40,1,No,No,No,0,5.31,0,123,243,22.5,39.1,3.28,28.8,54.4,0.49,4.15,135.3,101.3,0,0,0,0.415,7
Male,23,Shenzhen,2018,5,1,39,5,No,No,Yes,0,2.02,1.54,154,101,38.3,50.7,4.7,75.2,132.8,0,3.59,135.6,97.1,0,0,8.1,0,4
Male,64,Shenzhen,2018,4,1,40,4,No,No,Yes,0,1.9,1.07,159,57,58,113,3.3,81,256,21,3.18,138.7,102.4,0,0,6.99,0.244,5
Female,42,Shenzhen,2018,4,1,39,4,Yes,UK,Yes,0,0.87,0.58,114,99,39,94,2.6,76,152,?0.18,3.12,133.8,98.9,0,0,0,0.314,4
Male,41,Shenzhen,2018,4,1,40.1,4,Yes,UK,Yes,0,1.76,1.16,136,159,41,65,2,106,373,1.38,3.61,131.1,99.5,0,0,10.44,0.148,4
Male,30,Shenzhen,2018,4,1,39,4,No,No,Yes,0,2.25,1.76,168,128,35,47,4.6,82,370,1.23,4.08,137.8,96.7,0,0,8.77,0.259,4
Female,42,Philippines,2018,6,1,39.5,6,Yes,1,Yes,0,2.66,0.95,146,99,38,43,2.3,54,70,?0.18,3.54,140.9,105.6,0,0,8.17,0.149,2
Male,14,Shenzhen,2018,3,1,39.4,4,No,No,Yes,0,3.2,0,154,94,71.8,110.4,2.52,71.1,2779,2.68,2.93,130.4,94,0,0,?5.0,0,5
Male,41,Shenzhen,2018,3,1,39,3,No,No,Yes,0,2.7,0,154,109,51.3,46.1,4.78,80,127.4,?0.22,3.1,132.5,96.5,0,0,6.3,0,4
Male,28,Shenzhen,2018,6,1,38.8,6,Yes,6,No,0,3.68,1.15,158,91,41.1,57.2,3.29,56.4,110.7,0.32,3.51,132.5,96.1,0,0,6.7,0,3
Male,46,Shenzhen,2018,4,1,39,4,No,No,No,0,2.32,0.71,148,63,53,60,2.2,76,113,0.39,3.11,137.9,104.4,0,0,11.86,0.092,2
Male,45,Cambodia,2018,2,1,39.2,2,Yes,UK,Yes,0,3.67,2.99,156,161,37,44,4.1,104,96,0.33,3.55,136.7,101.3,0,0,7.48,0,2
Female,55,Shenzhen,2018,7,1,38,7,Yes,4,Yes,0,1.82,0.72,149,99,74,76,2.3,63,313,21,3.49,140.8,103.8,0,0,0,0,2
Male,30,Shenzhen,2018,10,1,39,10+,No,No,Yes,0,1.49,0.61,159,91,50,85,4,85,45,17,3.94,136.8,101.1,0,0,0.2,0,2
Male,45,Guangzhou?,2018,4,1,38.3,4,Yes,UK,Yes,0,1.94,1.32,147,79,68.6,55.3,3.5,87.1,132.5,0.45,3.12,137,98.4,0,0,14.7,0,7
Female,61,Shenzhen,2018,1,1,38.3,1,No,No,Yes,0,2.9,0,136,186,18,37,4.3,65,68,?0.18,3.49,138.4,102,0,0,7.53,0,6
Male,43,Shenzhen,2018,4,1,39,4,Yes,UK,Yes,0,2.48,1.74,163,103,44,59,6.2,81,257,0.85,3.56,138.9,103.8,0,0,1.95,0.165,4
Male,26,India,2018,4,1,39.2,4,No,No,Yes,1,3.05,1.3,119,63,37.8,78.2,6.98,93.2,129.6,?0.22,3.21,132.6,101.3,0,0,7.6,0.817,8
Male,24,Shenzhen,2018,5,1,39,5,No,No,Yes,0,2.73,1.79,159,64,36,85,2.3,71,902,3.38,3.67,173,101.5,0,0,6.39,0.268,4
Male,26,Shenzhen,2018,3,1,39.5,3,No,No,Yes,0,4.86,3.62,140,144,13,23,327,0.47,5,88,3.59,142.7,105.4,0,0,5.08,0.117,5
Male,20,Guangzhou,2018,6,1,40,6,Yes,UK,Yes,0,3.08,0,166,91,55,88,2.9,75,0,0,3.65,135.4,101.9,0,0,10.32,0.455,3
Male,42,Shenzhen,2018,3,1,39.5,3,No,No,Yes,0,3.16,1.22,162,164,174,121,4.32,70.3,330,1.81,4.08,143.3,102.5,0,0,1.23,0.101,5
Male,53,Shenzhen,2018,6,1,39,6,No,No,Yes,0,1.74,1.18,162,70,56,117,2.6,57,688,20,3.53,135.4,101.3,0,0,6.7,0.272,5
Male,43,Shenzhen,2018,5,1,38,3,Yes,UK,Yes,0,6.33,5.29,150,165,80,53.3,2.71,70.3,174.2,0,3.49,137.6,99.6,0,0,27.9,0,4
Male,54,Malaysia,2018,3,1,39.9,3,No,No,No,0,3.52,3.01,158,49,47.3,60.9,4.7,75,67.5,0.81,3.59,135.8,99.3,0,0,52.2,0,6
Male,30,Shenzhen,2018,1,1,39,1,No,No,Yes,0,5.04,0,146,123,62,49,5.33,104,0,0,3.91,138.9,105.3,0,0,3.61,0.054,5
Male,47,Shenzhen,2018,2,1,39,2,No,No,Yes,0,3.66,1.43,145,129,15,35,2.13,72,123,14,3.26,139.1,104.4,0,0,0,0.032,5
Male,41,Shenzhen,2018,4,1,39,4,No,No,Yes,0,4.28,3.02,162,222,64,60,5.4,78,149,12,3.7,133.2,97.2,0,0,0,0.092,2
Female,41,Shenzhen,2018,7,1,38.5,7,Yes,4,No,0,2.51,1.52,138,107,28,38,3.7,50,77,79,3.42,138.6,100.7,0,0,0,0,3
Male,40,Shenzhen,2018,2,1,40,2,No,No,Yes,0,3.81,2.94,147,116,35.5,41,5.42,84.8,152,13,3.57,137.6,99.5,0,0,8.98,0.148,6
Female,43,Vietnam,2018,7,1,39.3,7,Yes,6,Yes,0,2.53,1.21,126,74,107,118,3.4,63,78,13,3.7,139.6,103.1,0,0,0.75,0.098,3
Female,29,Shenzhen,2018,4,1,39,4,No,No,No,0,1.13,0.56,92,60,20,41,1.9,58,194,9,3.05,138.8,106.2,0,0,0.65,0.094,2
Male,65,Shenzhen,2018,1,1,39.5,1,No,No,Yes,0,4.68,3.37,136,85,43,43,4.2,94,157,1.14,4.82,135.8,101.7,0,0,34.2,0.12,5
Male,52,Shenzhen,2018,4,1,39,4,No,No,Yes,0,3.1,2.23,155,58,9,67,5.49,58,193,0.72,5.81,134.7,101.8,0,0,4.65,0.264,2
Female,36,Guandong,2018,6,1,39.9,6,Yes,5,Yes,0,2.3,1.05,122,120,148.4,128.9,2.83,50,217,?0.22,3.25,138.7,101.7,0,0,?5.0,0,3
Male,50,Shenzhen,2018,5,1,39.2,5,No,No,Yes,0,2.34,1.7,0,121,48,107,4.2,64,721,36,3.92,132.9,99.6,0,0,4.03,0.135,3
Male,41,Shenzhen,2018,2,1,39,2,No,No,Yes,0,5.37,4.25,142,95,20,30,4.31,84,119,10,3.45,140.1,104.6,0,0,10.38,0.094,6
Male,25,Shenzhen,2018,5,1,39.6,5,Yes,UK,No,0,1.75,1.43,140,40,49,76,3.9,82,349,0.4,3.67,137.9,104.2,0,0,5.55,0.678,2
Male,22,Shenzhen,2018,1,1,39.5,1,No,No,Yes,0,3.86,2.63,160,142,23,29,3.1,96,347,0.69,3.88,139.2,99.5,0,0,8.99,0.079,6
Male,45,Shenzhen,2018,2,1,38.5,2,No,No,Yes,0,6.11,5.28,148,216,24,26,5.5,75,97,19.2,3.45,141.1,104.4,0,0,44.86,0.186,6
Male,26,Shenzhen,2018,3,1,39.1,3,No,No,Yes,0,2.7,0,161,118,52,38.4,5.12,91.1,0,0,3.61,131,97.1,0,0,4.16,0,4
Male,55,Cambodia,2018,4,1,39.5,4,No,No,Yes,0,1.81,1.11,151,64,74,86,3.81,77,381,1.09,4.21,139.4,105.6,0,0,9.98,0.207,4
Male,25,Cambodia,2018,5,1,40,5,No,No,Yes,0,2.47,0,131,136,39,54,0,0,393,19.8,0,0,0,0,0,0,0.198,2
Female,37,Shenzhen,2018,7,1,38.5,2,Yes,UK,Yes,0,1.88,0.91,145,54,48.4,80,1.3,53.7,163.5,1.1,3.57,130.9,94.2,0,0,0,0,2
Male,41,Cambodia,2018,4,1,38,4,Yes,3,No,0,2.6,1.52,155,104,47,48,4.5,87,264,1.08,3.73,135.4,99.1,0,0,7.59,0.219,1
Female,25,Cambodia,2018,3,1,39.7,3,No,No,Yes,0,1.04,0.48,134,96,22,33,2.21,68,126,0.76,3.41,139.4,101.2,0,0,1.03,0.096,5
Male,36,Cambodia,2018,4,1,38.9,4,Yes,1,Yes,0,2.58,2.05,164,80,63,53,3.11,78,0,?0.18,3.01,134.9,96.4,0,0,22.95,0.175,3
Male,29,Cambodia,2018,3,1,40,3,Yes,UK,No,0,2.73,1.5,154,185,244,194,4.9,93,240,0.43,0,0,0,0,0,7.12,0.112,4
Female,14,Philippines,2018,3,1,39,3,No,No,Yes,0,1.88,1.33,125,86,19.6,58,6.64,54.8,284.7,?0.22,4.96,130.6,92.1,0,0,?5.0,0,4
Male,42,Myanmar,2018,4,1,39.5,4,Yes,UK,Yes,0,1.39,0.78,157,43,91,131,2.6,60,791,1.54,3.38,136.1,100.7,0,0,7.42,0,5
Male,45,"Myanmar,Sri Lanka",2018,4,1,39.5,3,No,No,Yes,0,4.51,3.32,159,139,42.2,36,4.07,118.8,287,<0.18,4.17,133.5,97.5,0,0,11.64,0.142,4
Male,45,Cambodia,2018,5,1,38.3,6,No,No,Yes,1,3.22,2.34,165,129,54.5,47,4.24,76,138,<0.22,3.5,136.2,97.2,322,164,4.67,0.225,5
Male,24,Myanmar,2019,12,1,40,2,No,No,Yes,0,3.47,2.56,148,162,0,0,3.34,96.2,0,0,3.75,136.7,98.4,0,0,11.56,0.042,12
Female,31,Malaysia,2019,4,1,38.7,4,No,No,Yes,0,3.76,2.15,136,153,16,27,0,0,0,0,0,0,0,27.5,22.3,0.64,0.043,4
Male,23,Indonesia,2019,3,1,39.5,4,Yes,10,Yes,1,3.51,2.35,165,156,17,33,6.17,116,144,<0.18,6.16,136.8,99.9,0,0,13.79,0.157,3
Male,39,Cambodia,2019,4,1,40,5,Yes,3,Yes,0,2.31,1,149,52,37,72,2.89,74,0,<0.18,2.93,137.6,97.9,594,471,14.09,0.272,4
Male,24,Indonesia,2019,1,1,40,4,Yes,12,Yes,0,3.38,2.31,145,123,70.5,78.9,3.73,78.3,784.3,0,3.54,136.9,99.3,0,0,36.97,0.882,1
Male,27,Indonesia,2019,4,1,39,4,Yes,0,Yes,0,2.19,1.42,150,152,13.5,23.9,3.44,80.7,89.6,<0.22,3.22,136.7,102,0,0,7.7,0.057,4
Male,29,Thailand,2019,5,1,38.9,3,No,No,Yes,0,2.98,2.09,137,116,308,198,4.92,74,142,0.5,3.19,139.4,104.6,0,0,1.65,0.22,5
Male,38,Cambodia,2019,3,1,39,6,No,No,Yes,0,3.39,1.12,169,60,138,134,4.68,64,219,1.08,3.09,139.6,100.9,0,0,2.02,0.194,3
Male,32,Cambodia,2019,3,1,40,7,Yes,2,Yes,0,3.02,1.15,166,91,28,41,5.13,77,139,0.87,3.35,137.4,103.6,0,0,2.25,0,3
Male,24,Cambodia,2019,3,1,40,6,Yes,0,Yes,0,3.89,1.43,149,107,36,50,4.2,109,149,10.6,3.86,138.2,104.3,0,0,1.86,0,3
Male,22,Cambodia,2019,5,1,39.3,1,No,No,Yes,0,6.8,4.79,148,153,120.1,78.2,4.45,94,275.6,1.47,0,0,0,0,0,29.2,0.231,5
Male,39,Cambodia,2019,2,1,38.5,5,Yes,1,Yes,0,3.32,2.13,160,200,34,39,3.31,84,239,0.66,3.26,133.1,97.6,0,0,8.01,0.276,2
Male,50,Cambodia,2019,2,1,39,6,Yes,0,Yes,0,3.45,1.29,150,52,68,64,3.58,90,52,0.28,0,0,0,0,0,6.53,0.378,2
Male,47,Cambodia,2019,4,1,39,2,No,No,Yes,0,1.98,1.31,151,104,66,96,3.5,89,234,0.2,2.88,140.3,102.9,0,0,11.56,0.198,4
Male,18,Cambodia,2019,5,1,38.6,6,No,No,Yes,1,2.31,0.64,181,12,86,169.8,4.89,79.1,125.7,0.31,0,0,0,0,0,6.7,1.25,5
Male,40,Cambodia,2019,6,1,39,3,No,No,Yes,0,8.06,6.09,162,209,52.1,35.3,2.69,85.3,163.6,0.3,0,0,0,0,0,<5.0,0.049,6
Male,26,Cambodia,2019,6,1,39.1,4,Yes,0,Yes,0,2.67,1.76,157,83,33,41,5.61,119,493,0.62,3.55,133.2,101.5,0,0,0,0.335,6
Male,45,Cambodia,2019,5,1,39.5,5,No,No,Yes,1,2.26,1.47,155,125,29.6,71,4.45,81.3,141.7,<0.22,3.49,131,97.6,0,0,<5.0,0.21,5
Male,33,Cambodia,2019,4,1,39.2,5,No,No,Yes,0,2.1,0.72,147,119,44,59,1.76,63,0,<0.18,3.28,137.8,101.1,406,208,4.86,0.494,4
Male,41,Cambodia,2019,5,1,39.3,4,No,No,Yes,0,4.36,3.43,158,112,15,31.6,4.93,120,84.7,0,0,0,0,0,0,1.94,0.221,5
Male,36,Cambodia,2019,2,1,41,15,Yes,0,Yes,0,5.41,1.93,97,56,215,280,2.46,66,0,0,3.7,138.5,106.2,0,0,0,0.123,2
Male,32,Cambodia,2019,6,1,38.2,4,No,No,Yes,0,2.91,0.92,180,81,47,39,2.93,78,0,0,0,0,0,0,0,17.49,0.119,6
Male,42,Cambodia,2019,4,1,39,1,Yes,1,Yes,0,5.74,4.16,149,116,61.2,46.3,6.06,109.8,0,<0.22,3.5,132.3,97.9,0,0,55,0.167,4
Female,48,Cambodia,2019,4,1,38,1,No,No,Yes,0,6.24,4.77,125,193,87,56,4.6,55,46,8.2,3.62,136.4,106.6,0,0,1.43,0.071,4
Male,26,Malaysia,2019,3,1,39.2,4,Yes,0,Yes,0,1.58,0.74,153,109,16.1,39.4,4.36,88.5,126.5,4.36,0,0,0,0,0,5.2,0.166,3
Male,23,Cambodia,2019,5,1,39,6,Yes,1,Yes,0,3.01,1.45,146,33,164,151,2.68,76,76545,1.89,3.72,140.4,107.3,0,0,1.41,0.236,5
Male,41,Cambodia,2019,6,1,39,6,No,No,Yes,0,3.75,1.16,152,43,56,56,3.36,74,0,0,3.34,140.2,106.7,0,0,3.19,0,4
Female,25,Cambodia,2019,7,1,38.1,7,Yes,UK,Yes,0,4.41,1.1,130,110,36,76.4,2.17,64,103.1,0,3.89,134.2,99.1,0,0,7.17,0.084,1
Male,37,Cambodia,2019,5,1,39,5,Yes,5,Yes,0,2.23,1.22,160,121,42,36,3.56,86,227,14.3,3.51,140.4,107.1,0,0,3.57,0.17,3
Male,28,Philippines,2019,5,1,39,5,No,No,Yes,0,3.26,0.8,164,59,32.6,64.3,2.64,88.8,0,?0.22,3.87,135.8,99.4,0,0,14.14,0.172,3
Male,42,Cambodia,2019,4,1,39,4,No,No,Yes,0,5.78,1.96,155,133,19,29,4.09,64,51.2,?0.18,3.39,135.7,103,0,0,7.7,0.058,5
Female,37,Cambodia,2019,1,1,39.4,1,No,No,No,0,1.26,0.83,103,116,13,36,3.55,69,53,?0.18,3.21,134,99.5,0,0,7,0.071,3
Female,33,Cambodia,2019,9,1,38.7,9,Yes,2,Yes,0,3.75,2.54,120,104,29.3,24.1,4.64,53.1,?20.0,?0.22,2.99,140.8,107.6,0,0,?5.0,0,2
Female,33,Thailand,2019,4,1,38.6,4,No,No,Yes,0,2.54,1.51,155,120,67.5,42.6,2.05,63.4,435.4,0,3.59,133.5,96,0,0,?5.0,0.069,4
Male,28,Cambodia,2019,2,1,39.7,2,Yes,UK,Yes,0,7.03,2.39,151,191,45.1,38,4.11,90.7,42.2,0,0,0,0,0,0,12.5,0,7
Male,42,Cambodia,2019,5,1,38.2,2,Yes,3,No,0,2.75,2.04,135,50,109,192,2.51,67,110,?0.18,3.4,138.7,103,0,0,10.76,0.368,5
Male,28,Indonesia,2019,3,1,39.4,3,Yes,UK,Yes,0,1.7,1.3,155,111,62,58,2.95,99,144,0.59,2.92,134.1,96.8,0,0,33.59,0.431,6
Male,39,Cambodia,2019,1,1,40.1,1,Yes,UK,Yes,0,7.03,1.89,137,246,61,55,5.09,114,234,?0.18,2.94,137.9,101.5,0,0,20.66,0.235,6
Female,44,Cambodia,2019,8,1,39,8,Yes,1,No,0,3.75,2.18,139,144,29,30,3.3,62,0,0,3.32,140,106.9,0,0,1.65,0,2
Male,39,Cambodia,2019,5,1,40,5,No,No,Yes,0,2.62,3.07,134,181,66.9,67.6,0,0,115.7,?0.22,3.12,137.5,101.7,0,0,12.09,0.328,3
Male,31,Cambodia,2019,2,1,39,2,No,No,Yes,0,4.11,1.4,138,207,95,79,4.25,76,536,1.12,3.86,137.5,100.8,0,0,22.83,0.111,4
Male,36,Cambodia,2019,4,1,37.7,4,Yes,3,Yes,0,2.94,1.99,142,113,36,77,3.54,85,1259,2.59,3.12,137.1,99.9,0,0,9.4,0.124,5
Male,64,Cambodia,2019,1,1,39.5,1,No,No,Yes,0,3.63,1.68,127,137,26,31,3.45,102,120,0.51,3.45,136.6,106.9,0,0,53.64,0.112,7
Female,26,"Thailand,Malaysia",2019,5,1,37.9,5,Yes,1,No,0,4.76,2.16,146,54,115,105,2.74,55,126,0.86,3.65,138.8,105.5,0,0,2.35,0.305,4
Male,35,Cambodia,2019,2,1,39,2,No,No,Yes,0,4.29,1.23,123,134,32,40,5.19,95,492,11.6,3.51,137,103.2,0,0,38.66,0.239,6
Male,36,Cambodia,2019,2,1,38,2,No,No,Yes,0,2.83,1.63,168,176,112,109,6.05,84,187,0.57,3.63,135,97.4,0,0,32.4,0.192,4
Male,32,Shenzhen,2019,4,1,39.2,4,Yes,1,No,0,3.3,2,211,95,51,80,4.52,76,1572,25,3.44,138.7,103.2,0,0,3.88,0.406,4
Male,26,Cambodia,2019,8,1,39,8,No,No,Yes,0,7.85,3.96,126,133,58,51.9,4.08,82.8,138.6,0.49,2.85,132.9,100.4,0,0,23.26,0.09,5
Male,28,Cambodia,2019,2,1,39.5,2,No,No,No,0,1.73,1.21,131,130,102,68,4.19,87,90.9,?0.22,3.56,136.1,95.4,0,0,8.89,0.198,4
Female,32,Cambodia,2019,4,1,38.9,4,No,No,No,0,3.28,2.13,106,232,10,27,4.7,56,37.1,?0.22,4.06,135.7,103.1,0,0,1.48,0.059,4
Male,40,Cambodia,2019,3,1,38.8,3,Yes,UK,Yes,0,1.89,1.2,148,90,55,133,3.17,76,3791,6.76,3.22,140,104,0,0,6.27,0.091,5
Male,43,Cambodia,2019,1,1,38,1,No,No,Yes,0,8.64,3.39,150,184,21,23,4.26,81,87,9,3.53,140.9,104.6,0,0,11.3,0.104,4
Female,33,Guangzhou,2019,3,1,40,3,No,No,No,0,1.86,0.52,121,140,15,26,1.74,55,0,0,3.52,138.6,106.6,0,0,1.53,0.087,2
Female,34,Cambodia,2019,3,1,39,3,Yes,UK,Yes,0,1.7,0.74,125,142,14,26,3.3,68,64,0.28,3.99,139.6,103.2,0,0,7.65,0.051,4
Male,29,"Bengal,India",2019,1,1,39.6,1,No,No,Yes,0,4.24,1.76,136,70,15,28,4.24,78,116,0.57,3.37,139.7,103.3,0,0,26.03,0.09,7
Male,26,Cambodia,2019,??,1,38.2,0.5,No,No,Yes,0,2.46,1.08,152,89,21,28,5,91,0,0,3.39,140.8,104.7,0,0,3.44,0.1,5
Male,29,India,2019,4,1,39.3,4,Yes,UK,Yes,0,1.91,1.25,160,92,19,32,3.85,81,0,0,4.43,145.5,104.6,0,0,4.59,0.184,3
Male,48,Shenzhen,2019,3,1,39.8,3,Yes,UK,Yes,0,4.93,2.03,154,109,52,67,0,0,0,0,3.57,137.7,105,0,0,0,0,2
Male,27,Cambodia,2019,0.25,1,39.5,0.25,No,No,Yes,0,5.22,3.29,142,192,42,38,4.52,86,2950,0.51,3.99,135.6,103.3,0,0,6.22,0.117,7
Female,39,Cambodia,2019,3,1,39.1,3,No,No,Yes,0,3.09,2.26,118,159,76.3,61.6,2.54,61.7,47.7,?0.22,3.07,136.8,96.8,0,0,22.9,0,5
Male,76,Guangdong,2019,7,1,39.5,7,No,No,No,0,2.71,0.99,143,38,73,99,3.71,71,0,2.13,3.63,137.5,105.7,0,0,1.54,0.385,2
Female,37,Shenzhen,2019,5,1,39,5,No,No,No,0,2.61,1.65,132,161,22.2,52.4,0,0,0,0,0,0,0,0,0,?5.0,0,4
Male,27,Philippines,2019,5,1,40,5,No,No,No,0,2.65,1.29,160,78,144,88,4.92,94,154,0.56,3.37,137.8,105,0,0,0,0.276,3
Male,45,Zhejiang,2019,3,1,37.4,3,No,No,No,0,6,1.48,154,149,26,39,4.63,76,186,0.95,3.58,140.4,106.5,0,0,0,0.167,2
Female,33,Cambodia,2019,2,1,39.2,2,No,No,Yes,0,3.54,0,141,172,0,0,0,0,46,0.21,0,0,0,0,0,20.7,0,2
Male,52,Guangdong,2019,2,1,39.5,2,No,No,Yes,0,6.11,4.61,134,136,30,77,222,1.14,4.16,80,2.96,135.6,101.1,0,0,42.23,0.337,9
Male,32,India,2019,5,1,40,5,Yes,3,Yes,0,3.03,1.9,165,86,170,138,3.73,75,345.2,0,2.99,138.4,101.6,0,0,10.6,0.289,3
Male,27,Guangdong,2019,3,1,38,3,Yes,4,No,0,3.83,2.71,155,177,24,45,5.45,69.9,0,0,4.22,140.8,100.8,0,0,7.7,0.118,4
Male,39,Cambodia,2019,6,1,39.7,1,No,No,Yes,0,3.85,3.08,139,141,64.9,37.9,7.13,133,0,?0.22,3.53,135.8,101.2,0,0,44,0,5
Male,31,Guangdong,2019,2,1,39,2,No,No,Yes,0,5.03,4.26,137,175,21.1,24.8,4.86,96.8,75.1,?0.22,3.76,136.5,99.2,0,0,8.5,0.077,6
Male,26,Guangdong,2019,5,1,39.5,5,Yes,2,Yes,0,1.53,0.69,145,123,16,20,2.59,74,154,0.62,4.4,136.9,105.7,0,0,4.13,0.085,2
Male,31,Guangdong,2019,7,1,39.6,7,Yes,5,Yes,0,2.11,0,0,94,116.05,48.9,0,0,2770,48.9,3.41,0,0,0,0,0,0,2
Male,52,Sichuan,2019,4,1,38,4,No,No,Yes,0,6.03,4.54,157,218,41.1,38.1,4.74,89.8,217.5,2.16,3.47,140.8,102.5,0,0,11.3,0,5
Male,45,Guangdong,2019,1,1,39,1,No,No,Yes,0,4.18,2.95,144,168,17,37,7.14,79,439,2.02,3.2,138.3,101.7,0,0,3.85,0.091,3
Male,74,Guangdong,2019,3,1,39,3,No,No,No,0,3.51,0,141,80,0,64,7.3,115,118,8,3.5,131,104,0,0,47,0.059,2
Male,55,Guangxi,2019,4,1,39,4,Yes,4,No,0,3.27,0,156,115,41,63,7.25,188,169,2.01,0,0,0,0,0,14.3,0.299,7
Male,39,Guangdong,2019,4,1,39.2,4,Yes,UK,Yes,1,1.18,0.59,143,82,19,31,4.88,75,368,2.29,0,0,0,0,0,0,0.319,2
Female,33,Guangdong,2019,3,1,39.1,3,No,No,Yes,0,1.82,1.04,0,111,13,24,2.18,50,0,0,3.47,139.1,104,0,0,4.13,0.059,4
Male,27,Cambodia,2019,5,1,40.5,5,Yes,UK,Yes,0,1.45,0.69,154,74,38.7,123.8,4.41,93.9,1030,30.8,3.06,130.9,99.5,0,0,3.21,0.351,3
Male,2,Philippines,2019,5,1,No,?,No,No,No,0,11.5,5.41,138,316,23,40,3.23,30,65,24,4.94,138.3,105.7,0,0,19.6,0,1
Female,51,Shenzhen,2019,6,1,39.1,6,Yes,UK,Yes,1,1.77,0.48,126,64,159,170,3,50,105,1.39,7.4,137.5,104.6,0,0,0,0.218,3
Female,26,Guangdong,2019,4,1,39,4,No,No,Yes,0,1.74,0.35,134,166,18,33,2.38,61,299,1.32,3.09,141.2,103.9,0,0,0,0.204,3
Male,38,Guangdong,2019,7,1,38.8,7,Yes,6,No,0,3,1.78,160,82,137.2,217.2,3.09,88.3,627.1,0,3.7,137.7,99.4,0,0,11.2,0,2
Male,31,"Shenzhen,Guangdong",2019,7,1,39,7,Yes,4,No,1,5.34,0,165,90,31,41,2.89,64,0,0,3.9,139.6,100.6,0,0,0,0,2
Male,34,Anhui,2019,3,1,38.5,3,Yes,UK,No,0,4.4,2.7,0,102,55,100,3.46,74,946,1.41,3.83,139.4,107.4,0,0,4.28,0.275,3
Male,19,Guangdong,2019,6,1,39.6,6,No,No,Yes,0,1.83,0.57,166,38,36.9,56.1,4.63,68.4,0,0.4,4.35,135.4,105.5,0,0,7.5,0,3
Male,45,Cambodia,2019,4,1,39,4,No,No,Yes,0,2.01,0.35,152,88,63,68,4.49,94,235,0.35,3.39,139.4,104.3,0,0,4.7,0.161,3
Male,31,Cambodia,2019,1,1,38.4,1,No,No,Yes,0,8.6,0,176,207,59,33,3.79,77,110,12.7,3.46,139.7,105,0,0,9.58,0.125,7
Male,26,Cambodia,2019,3,1,39,3,Yes,UK,Yes,0,2.5,1.63,146,88,14,25,5.35,90,0,0,3.25,132.7,97.4,0,0,0,0.197,3
Male,42,Cambodia,2019,4,1,38.3,4,No,No,Yes,0,2.08,1.2,149,119,38,27,8.16,107,92,0.39,3.68,139.6,104,0,0,2.72,19.48,2
Male,58,Shenzhen,2019,9,1,38.7,9,Yes,UK,Yes,0,3.01,0.77,167,47,84,119,4.1,71,63,0.23,3.79,136,102.5,0,0,3.1,0,2
Male,36,Shenzhen,2019,1,1,40.1,1,No,No,Yes,0,3.78.4,2.32,148,190,19,25,4.18,99,141,0.55,3.06,139.7,102.2,0,0,59.47,0.16,6
Male,50,"India,Nepal,Egypt, Iran",2019,6,1,39,6,Yes,5,No,0,7.63,3.01,162,26,74.1,240.6,4.55,75.1,341.7,0.62,4.04,132.2,97.7,0,0,23.1,0,5
Male,45,Shenzhen,2019,5,1,38.6,5,No,No,No,0,3.1,0,140,92,44,66,3.27,93,306,1.22,0,0,0,0,0,4.97,0 461,4
Male,53,Shenzhen,2019,3,1,40.1,3,No,No,No,0,2.21,1.57,146,53,136,190,0,94,250,11,3.1,131,101,0,0,0,0,7
Male,35,Philippines,2019,4,1,39,4,Yes,1,Yes,0,2.3,1.71,157,87,27.9,48.5,5.12,108,216.4,0.37,3.56,137.9,96.6,32.3,22.1,30,0,14
Male,48,Myanmar,2019,2,1,39,2,No,No,No,0,2.49,1.44,148,125,171,108,5.03,83,173,0.77,3.71,135.8,101.5,0,0,1.86,0.13,4
Female,30,Thailand,2019,4,1,38.8,4,No,No,Yes,0,1.74,1.11,139,73,18,31.2,0,0,0,0,3.94,138.2,100.7,0,0,?5.0,0,2
Male,20,Shenzhen,2019,3,1,39,3,No,No,No,0,2.12,1.11,139,160,137.8,162.1,3.98,85.1,263.9,?0.22,3.51,139.1,102.7,22.5,24.3,?5.0,0,6
Male,62,Shenzhen,2019,1,1,38.3,1,No,No,No,0,5,3.15,130,207,13,25,3.81,94,0,0,3.71,137.3,103.7,0,0,13.15,0.07,6
Male,29,Thailand,2019,5,1,38.5,5,Yes,2,No,0,1.16,0.57,156,60,19.7,20.4,0,0,0,0,3.89,135.1,97.1,0,0,6,0,3
Female,30,Shenzhen,2019,3,1,39,3,No,No,No,0,1.9,1.11,137,110,47.61,72.01,2.21,51,115,0.73,3.2,138.5,103.3,0,0,0.02,0.083,3
Male,28,Raoping,2019,5,1,38,5,No,No,Yes,0,3.16,1.81,161,58,178,198,3.51,79,966,3.25,3.31,135.6,98.3,0,0,0,0.771,3
Male,47,Shenzhen,2019,2,1,38.7,2,No,No,Yes,0,3.76,2.76,147,141,81,102,5.09,97,249,1.73,3.23,136.7,105.2,0,0,15.26,0.088,4
Male,37,Shenzhen,2019,6,1,39,6,Yes,UK,Yes,0,3,1.23,123,32,35.1,79.4,1.22,63.3,228,26.1,3.07,137.1,99.6,0,0,8.7,0.177,4
Male,27,Cambodia,2019,6,1,39.5,6,No,No,Yes,0,4.3,6.95,151,104,232,256,3.6,88,201,22,3.54,138.7,103.7,0,0,40.63,0.642,5
Female,55,Guangzhou,2019,5,1,39.7,5,Yes,4,No,0,1.09,0,136,82,39,78,4.3,73.4,265,15,3.82,141.4,110,0,0,1.86,1.46,3
Male,12,Zhangjiang,2019,2,1,40,7,Yes,1,Yes,0,2.55,1.11,155,39,39,86.6,0,0,1178.8,1.96,0,0,0,0,0,0,0.461,2
Male,44,Shenzhen,2019,6,1,39.8,1,No,No,Yes,0,4.44,3.41,131,152,152,38,5.46,94,98,9.2,3.13,137,98.1,0,0,100.18,0.408,6
Female,52,Yunnan,2019,3,1,40.2,5,Yes,0,Yes,0,2.12,1.19,135,60,60,113,2.03,53,98,0,3.56,132.6,99.6,0,0,2.81,0.135,3
Male,55,Shenzhen,2019,4,1,38.5,2,No,No,Yes,0,2.24,1.04,145,100,100,34,2.55,94,284,2.41,3.73,137.2,101.8,0,0,1.66,0.149,4
Male,67,Shenzhen,2019,4,1,37.9,2,No,No,Yes,0,2.13,1.47,139,97,97,62,3.13,80,183,1.47,3.17,135.6,99.8,0,0,4.68,0.184,4
Male,29,Myanmar,2019,2,1,39.5,4,No,No,Yes,0,1.96,0.73,161,116,131,105,2.7,68,0,0.92,3.86,137.3,104.6,199,141,7.12,0.122,2
Male,18,Dongguan,2019,2,1,39.6,6,Yes,3,Yes,0,5.55,3.01,167,28,28,108,4.35,69,1261,46.2,3.98,136.7,104.9,0,0,1.61,0.477,2
Male,33,Cambodia,2019,5,1,39.3,3,Yes,3,Yes,0,3.64,1.81,174,76,76,131.9,3.94,88.6,0,0.47,3.06,137.5,104.4,0,0,0.67,0.179,5
Male,48,Cambodia,2019,2,1,39.2,3,No,No,Yes,0,3.37,1.69,149,235,235,43,5.58,97,88,0.84,3.51,137.5,98,0,0,3.67,0.077,2
Male,34,Cambodia,2019,4,1,40,3,No,No,Yes,0,2.26,1.29,140,104,104,63,0,0,165,0.67,3.75,136,99.5,0,0,0,0,4
Male,27,Shenzhen,2019,4,1,38.8,3,No,No,Yes,0,3.16,1.41,153,116,116,49,3.09,74,377,1.12,3.68,136.8,102.7,0,0,3.66,0.146,4
Male,23,Shenzhen,2019,3,1,40,6,Yes,3,Yes,0,1.47,0.95,153,31,31,108.7,5.18,93.5,0,0.98,3.71,138.7,103.3,0,0,8.93,0.656,3
Male,33,Cambodia,2019,3,1,39.1,4,No,No,Yes,0,2.63,1.9,152,136,136,36,3.62,82,161,0.81,3.57,132.4,98.2,0,0,15.44,0.169,3
Male,72,Shenzhen,2019,2,1,38,5,Yes,1,Yes,0,2.94,0.93,138,65,65,63,3.9,80,76,1.22,3.53,135.6,103.1,0,0,2.41,0.275,2
Male,54,Shenzhen,2019,4,1,37.9,3,No,No,Yes,0,1.71,1.02,151,96,17,41,4.01,56,72,13.5,3.44,132.5,98.4,0,0,3.99,0.136,4
Male,31,Xi'an,2019,2,1,39.5,5,Yes,1,Yes,0,3.45,1.08,136,94,94,34,4.02,77,68,0.66,3.68,137.8,102.4,0,0,6.56,0.137,2
Female,26,Shenzhen,2019,4,1,39,5,Yes,2,Yes,0,1.76,0.9,131,40,33,55,3.09,58,0,1.83,4.07,134,103.3,250,304,0,0,4
Female,18,Shenzhen,2019,5,1,39.7,2,No,No,Yes,0,2.49,1.22,132,261,261,29,2.89,59,95,1.13,3.44,139.3,105.7,0,0,11.76,0.1,5
Male,30,Cambodia,2019,4,1,41,1,No,No,Yes,0,3.67,2.28,140,191,191,67,2.88,79,63,0.47,3.63,138.8,107.6,0,0,26.39,0.082,4
Male,27,Cambodia,2019,3,1,39.3,6,No,No,Yes,0,3.49,1.46,168,70,70,47,3.43,78,208,1.52,3.62,139.7,105.9,0,0,2.66,0.205,3
Male,28,Shenzhen,2019,2,1,39.1,6,No,No,Yes,0,4.44,2.58,176,70,70,85,3.92,82,1037,5.53,3.47,137.6,98.7,0,0,24.34,0.412,2
Male,30,Cambodia,2019,6,1,39.3,1,No,No,Yes,0,5.2,3.85,118,234,234,34,4.27,74,134,0.44,3.72,133.1,97.6,0,0,5.34,0.129,6
Male,47,Shenzhen,2019,5,1,39.5,5,No,No,Yes,0,1.53,0.77,138,110,28.1,44.9,4.83,77,338.9,0,3.22,137.7,101.9,0,0,10.17,0.299,5
Male,58,India,2019,4,1,38,4,Yes,1,Yes,0,2.64,1.46,143,55,51.9,102.8,0,0,0,0,0,0,0,0,0,0,0,4
Male,56,Guangdong,2019,8,1,38.3,7,Yes,0,Yes,0,9.13,4.9,137,99,180,139,4.55,71,0,0,3.83,135.9,101.2,0,0,86.92,1.13,8
Male,32,Vietnam,2019,1,1,39.6,7,No,No,Yes,0,2.41,0.94,148,88,53,45,3.22,83,116,0.74,3.79,140.8,103.9,0,0,0.6,0.158,1
Female,25,Guangdong,2019,3,1,39.6,6,No,No,Yes,0,6,4.79,123,65,25,65,1.86,47,85,0.72,3.42,136.4,103.6,0,0,2.22,0.225,3
Male,56,Cambodia,2019,3,0,No,?,Yes,1,Yes,1,4.21,1.9,162,32,44.3,106.2,6.25,71.8,0,0,0,0,0,0,0,7.12,0,3
Female,35,Russia,2019,3,1,39,5,Yes,0.5,Yes,0,1.35,0.67,130,25,81,103,1.52,64,53,0.44,3.66,139.1,104.7,0,0,0,0.184,3
Male,21,Shenzhen,2019,4,1,39,7,No,No,Yes,0,6.99,5.14,124,238,23.7,31.9,8.05,85.8,119,0.46,3.69,138,99,554,359,159.1,0.239,4
Male,53,Cambodia,2019,2,1,39.5,2,No,No,Yes,0,3.07,1.34,142,142,36,48,1.82,80,68,0.59,3.82,138.2,100.6,0,0,0,0,5
Female,31,Guangzhou,2019,5,1,36.7,5,No,No,Yes,0,3.09,1.54,120,80,59,109,2.8,47,60,0.68,3.51,139.2,107.4,0,0,2.47,0.084,8
Female,31,Shenzhen,2019,5,1,38.9,5,No,No,Yes,0,2.98,0.98,133,53,92,142,0,0,0,0,0,0,0,0,0,4.95,0.323,8
Female,15,Philippines,2019,2,1,39.6,2,No,No,Yes,0,2.69,1.95,130,202,32,30,4.01,66,133,?0.22,3.85,134,99,0,0,5.82,0.45,5
