ds,y
2023-06-01,528
2023-07-01,960
2023-08-01,602
2023-09-01,953
2023-10-01,1658
2023-11-01,1397
2023-12-01,540
2024-01-01,342
2024-02-01,374
2024-03-01,282
2024-04-01,823
2024-05-01,7675
2024-06-01,3252
2024-07-01,2904
2024-08-01,5710
2024-09-01,9671
2024-10-01,15047
2024-11-01,7661
2024-12-01,4929
2025-01-01,3743
2025-02-01,2496
2025-03-01,615
2025-04-01,431
2025-05-01,499
2025-06-01,598
2025-07-01,1029
2025-08-01,1015
2025-09-01,3275
2025-10-01,7780
2025-11-01,5115
2025-12-01,884
2026-01-01,1218
2026-02-01,304
2026-03-01,283
2026-04-01,1618
2026-05-01,1949
2026-06-01,1171
